#group,false,false,false,false,false
#datatype,double,double,string,double,dateTime:RFC3339
#default,,,,,
,humidity,light,node_id,temperature,time
,71,0,smart_art_1,20.1,2025-12-12T16:37:47.106683Z
,70.2,287,smart_art_1,19.8,2025-12-12T16:42:47.100236Z
,69.1,208,smart_art_1,19.6,2025-12-12T16:47:47.092581Z
,68.8,266,smart_art_1,19.4,2025-12-12T16:52:47.08358Z
,68.7,259,smart_art_1,19.3,2025-12-12T16:57:47.081116Z
,69,283,smart_art_1,19.2,2025-12-12T17:02:47.069972Z
,68.9,257,smart_art_1,19.1,2025-12-12T17:07:47.070712Z
,68.6,257,smart_art_1,19,2025-12-12T17:12:47.079113Z
,68.3,256,smart_art_1,18.9,2025-12-12T17:17:47.059316Z
,68.1,240,smart_art_1,18.9,2025-12-12T17:22:47.051526Z
,67.8,260,smart_art_1,18.9,2025-12-12T17:27:47.047946Z
,67.3,281,smart_art_1,18.8,2025-12-12T17:32:47.03844Z
,67.4,271,smart_art_1,18.8,2025-12-12T17:37:47.035756Z
,67.1,278,smart_art_1,18.7,2025-12-12T17:42:47.207485Z
,66.7,276,smart_art_1,18.7,2025-12-12T17:47:47.02307Z
,66.8,279,smart_art_1,18.6,2025-12-12T17:52:47.012592Z
,66.2,277,smart_art_1,18.6,2025-12-12T17:57:47.013047Z
,66,288,smart_art_1,18.6,2025-12-12T18:02:47.00727Z
,66.3,287,smart_art_1,18.5,2025-12-12T18:07:46.999344Z
,66.8,282,smart_art_1,18.6,2025-12-12T18:12:47.004281Z
,67.4,272,smart_art_1,18.6,2025-12-12T18:17:46.993361Z
,67.7,250,smart_art_1,18.5,2025-12-12T18:22:46.997717Z
,68.1,286,smart_art_1,18.4,2025-12-12T18:27:46.981335Z
,68.4,240,smart_art_1,18.3,2025-12-12T18:32:46.977648Z
,68.7,282,smart_art_1,18.3,2025-12-12T18:37:46.976105Z
,68.9,290,smart_art_1,18.3,2025-12-12T18:42:46.967006Z
,68.9,272,smart_art_1,18.3,2025-12-12T18:47:46.958324Z
,69,130,smart_art_1,18.3,2025-12-12T18:52:46.957084Z
,69.3,173,smart_art_1,18.2,2025-12-12T18:57:46.946294Z
,68.9,171,smart_art_1,18.4,2025-12-12T19:02:46.938052Z
,68.8,155,smart_art_1,18.5,2025-12-12T19:07:46.932738Z
,68.6,159,smart_art_1,18.6,2025-12-12T19:12:46.949482Z
,68.4,171,smart_art_1,18.8,2025-12-12T19:17:46.924326Z
,68.1,176,smart_art_1,18.9,2025-12-12T19:22:46.918493Z
,67.8,164,smart_art_1,19,2025-12-12T19:27:46.909705Z
,67.6,165,smart_art_1,19.1,2025-12-12T19:32:46.903498Z
,67.4,163,smart_art_1,19.2,2025-12-12T19:37:46.903889Z
,67.4,134,smart_art_1,19.2,2025-12-12T19:42:46.89937Z
,67.3,155,smart_art_1,19.3,2025-12-12T19:47:46.891161Z
,67.3,133,smart_art_1,19.3,2025-12-12T19:52:46.885696Z
,67.2,143,smart_art_1,19.3,2025-12-12T19:57:46.876964Z
,67.1,131,smart_art_1,19.4,2025-12-12T20:02:46.871237Z
,67.2,151,smart_art_1,19.4,2025-12-12T20:07:46.865198Z
,67.2,148,smart_art_1,19.4,2025-12-12T20:12:46.861778Z
,67.2,138,smart_art_1,19.4,2025-12-12T20:17:46.879595Z
,67.2,235,smart_art_1,19.4,2025-12-12T20:22:46.855867Z
,66,295,smart_art_1,20.4,2025-12-12T20:27:46.849346Z
,63.3,289,smart_art_1,21.7,2025-12-12T20:32:46.843121Z
,62.1,275,smart_art_1,22.5,2025-12-12T20:37:46.834415Z
,61.9,286,smart_art_1,22.9,2025-12-12T20:42:46.829382Z
,64.4,277,smart_art_1,22.1,2025-12-12T20:47:46.825811Z
,66.5,273,smart_art_1,21.4,2025-12-12T20:52:46.819696Z
,68,273,smart_art_1,20.9,2025-12-12T20:57:46.809957Z
,68.6,272,smart_art_1,20.8,2025-12-12T21:02:46.806264Z
,69.1,258,smart_art_1,20.7,2025-12-12T21:07:46.798797Z
,69.2,275,smart_art_1,20.7,2025-12-12T21:12:46.802137Z
,69.2,272,smart_art_1,20.7,2025-12-12T21:17:46.794471Z
,69.3,266,smart_art_1,20.7,2025-12-12T21:22:46.793312Z
,69.3,279,smart_art_1,20.7,2025-12-12T21:27:46.785527Z
,69.2,273,smart_art_1,20.7,2025-12-12T21:32:46.778327Z
,69.3,256,smart_art_1,20.7,2025-12-12T21:37:46.775269Z
,69.3,276,smart_art_1,20.6,2025-12-12T21:42:46.765449Z
,69.1,275,smart_art_1,20.7,2025-12-12T21:47:46.76417Z
,65.8,272,smart_art_1,20.1,2025-12-12T21:52:46.758327Z
,65.9,272,smart_art_1,19.9,2025-12-12T21:57:46.754319Z
,66.3,242,smart_art_1,19.8,2025-12-12T22:02:46.747993Z
,66.5,253,smart_art_1,19.8,2025-12-12T22:07:46.788555Z
,66.3,0,smart_art_1,20,2025-12-12T22:12:46.744102Z
,66.1,0,smart_art_1,20.1,2025-12-12T22:17:46.739245Z
,66.3,0,smart_art_1,20.2,2025-12-12T22:22:46.733178Z
,66.4,0,smart_art_1,20.2,2025-12-12T22:27:46.727742Z
,66.8,0,smart_art_1,20.1,2025-12-12T22:32:46.72126Z
,67,0,smart_art_1,20.1,2025-12-12T22:37:46.71657Z
,67.2,0,smart_art_1,20.1,2025-12-12T22:42:46.712212Z
,67.5,0,smart_art_1,20,2025-12-12T22:47:46.707465Z
,67.8,0,smart_art_1,20,2025-12-12T22:52:46.703548Z
,68.1,0,smart_art_1,20,2025-12-12T22:57:46.700045Z
,68.3,0,smart_art_1,19.9,2025-12-12T23:02:46.693993Z
,68.6,0,smart_art_1,19.9,2025-12-12T23:07:46.691322Z
,68.8,0,smart_art_1,19.8,2025-12-12T23:12:46.687519Z
,68.9,0,smart_art_1,19.8,2025-12-12T23:17:46.68046Z
,69.2,0,smart_art_1,19.8,2025-12-12T23:22:46.672078Z
,69.3,0,smart_art_1,19.8,2025-12-12T23:27:46.669806Z
,69.5,0,smart_art_1,19.7,2025-12-12T23:32:46.663763Z
,69.7,0,smart_art_1,19.7,2025-12-12T23:37:46.655825Z
,69.9,0,smart_art_1,19.6,2025-12-12T23:42:58.91113Z
,70.1,0,smart_art_1,19.6,2025-12-12T23:47:58.910109Z
,70.2,0,smart_art_1,19.6,2025-12-12T23:52:58.901773Z
,70.3,0,smart_art_1,19.5,2025-12-12T23:57:58.894494Z
,68.7,0,smart_art_1,19.2,2025-12-14T00:04:03.489043Z
,68.7,0,smart_art_1,19.2,2025-12-14T00:09:03.483151Z
,68.8,0,smart_art_1,19.2,2025-12-14T00:14:03.516754Z
,69,0,smart_art_1,19.2,2025-12-14T00:19:03.541431Z
,69.1,0,smart_art_1,19.2,2025-12-14T00:25:35.570787Z
,69.2,0,smart_art_1,19.2,2025-12-14T00:30:35.649236Z
,69.3,0,smart_art_1,19.2,2025-12-14T00:35:35.565342Z
,69.5,0,smart_art_1,19.1,2025-12-14T00:40:35.567277Z
,69.6,0,smart_art_1,19.1,2025-12-14T00:45:35.616711Z
,69.8,0,smart_art_1,19.1,2025-12-14T00:50:35.555085Z
,69.8,0,smart_art_1,19.1,2025-12-14T00:55:35.575638Z
,69.9,0,smart_art_1,19.1,2025-12-14T01:00:35.599221Z
,69.9,0,smart_art_1,19.1,2025-12-14T01:05:35.6336Z
,70.1,0,smart_art_1,19,2025-12-14T01:10:35.652677Z
,70.2,0,smart_art_1,19,2025-12-14T01:15:35.584029Z
,70.3,0,smart_art_1,19,2025-12-14T01:20:35.60975Z
,70.4,0,smart_art_1,19,2025-12-14T01:25:35.539504Z
,70.6,0,smart_art_1,19,2025-12-14T01:30:35.552363Z
,70.6,0,smart_art_1,19,2025-12-14T01:35:35.577566Z
,70.7,0,smart_art_1,19,2025-12-14T01:40:35.528064Z
,70.8,0,smart_art_1,19,2025-12-14T01:45:35.644374Z
,70.7,0,smart_art_1,18.9,2025-12-14T01:50:35.569789Z
,70.8,0,smart_art_1,18.9,2025-12-14T01:55:35.515029Z
,70.9,0,smart_art_1,18.9,2025-12-14T02:02:19.841621Z
,71.1,0,smart_art_1,18.9,2025-12-14T02:07:19.844678Z
,71.1,0,smart_art_1,18.9,2025-12-14T02:12:19.839277Z
,71.1,0,smart_art_1,18.9,2025-12-14T02:17:19.930498Z
,71.2,0,smart_art_1,18.9,2025-12-14T02:22:19.868129Z
,71.3,0,smart_art_1,18.8,2025-12-14T02:27:19.886398Z
,71.3,0,smart_art_1,18.8,2025-12-14T02:32:19.913238Z
,71.4,0,smart_art_1,18.8,2025-12-14T02:37:19.813461Z
,71.5,0,smart_art_1,18.8,2025-12-14T02:42:19.870069Z
,71.4,0,smart_art_1,18.8,2025-12-14T02:47:19.882607Z
,71.4,0,smart_art_1,18.8,2025-12-14T02:52:19.926231Z
,71.6,0,smart_art_1,18.8,2025-12-14T02:57:19.83821Z
,71.6,0,smart_art_1,18.8,2025-12-14T03:02:19.799468Z
,71.6,0,smart_art_1,18.7,2025-12-14T03:07:19.794402Z
,71.6,0,smart_art_1,18.7,2025-12-14T03:12:19.820608Z
,71.7,0,smart_art_1,18.7,2025-12-14T03:17:19.84822Z
,71.9,0,smart_art_1,18.7,2025-12-14T03:22:19.886381Z
,72.1,0,smart_art_1,18.6,2025-12-14T03:27:19.904837Z
,71.9,0,smart_art_1,18.7,2025-12-14T03:32:19.828172Z
,72.2,0,smart_art_1,18.7,2025-12-14T03:37:19.846402Z
,72.1,0,smart_art_1,18.7,2025-12-14T03:42:19.871679Z
,72.1,0,smart_art_1,18.7,2025-12-14T03:47:19.770268Z
,72.3,0,smart_art_1,18.6,2025-12-14T03:52:20.151255Z
,72.2,0,smart_art_1,18.6,2025-12-14T03:57:19.855266Z
,72.2,0,smart_art_1,18.6,2025-12-14T04:02:19.785647Z
,72.2,0,smart_art_1,18.6,2025-12-14T04:07:19.812375Z
,72.3,0,smart_art_1,18.6,2025-12-14T04:12:19.822408Z
,72.3,0,smart_art_1,18.6,2025-12-14T04:17:19.752139Z
,72.3,0,smart_art_1,18.6,2025-12-14T04:22:19.742724Z
,72.5,0,smart_art_1,18.6,2025-12-14T04:27:19.81309Z
,72.5,0,smart_art_1,18.6,2025-12-14T04:32:19.724228Z
,72.5,0,smart_art_1,18.5,2025-12-14T04:37:19.762032Z
,72.6,0,smart_art_1,18.5,2025-12-14T04:42:19.781194Z
,72.7,0,smart_art_1,18.5,2025-12-14T04:47:19.709629Z
,72.7,0,smart_art_1,18.5,2025-12-14T04:52:19.742988Z
,72.8,0,smart_art_1,18.5,2025-12-14T04:57:19.716719Z
,72.8,0,smart_art_1,18.4,2025-12-14T05:02:19.712715Z
,72.9,0,smart_art_1,18.5,2025-12-14T05:07:19.713797Z
,72.9,0,smart_art_1,18.5,2025-12-14T05:12:19.691363Z
,72.9,0,smart_art_1,18.4,2025-12-14T05:17:19.765508Z
,72.9,0,smart_art_1,18.4,2025-12-14T05:22:19.680652Z
,72.9,0,smart_art_1,18.4,2025-12-14T05:27:19.67613Z
,72.9,0,smart_art_1,18.4,2025-12-14T05:32:19.747578Z
,72.9,0,smart_art_1,18.4,2025-12-14T05:37:19.773659Z
,73,0,smart_art_1,18.4,2025-12-14T05:42:19.673177Z
,73.1,0,smart_art_1,18.4,2025-12-14T05:47:19.716865Z
,73.1,0,smart_art_1,18.3,2025-12-14T05:52:19.744044Z
,73.1,0,smart_art_1,18.4,2025-12-14T05:57:19.657476Z
,73.1,0,smart_art_1,18.3,2025-12-14T06:02:19.652881Z
,73.1,0,smart_art_1,18.3,2025-12-14T06:07:19.731034Z
,73.1,0,smart_art_1,18.3,2025-12-14T06:12:19.7564Z
,73.2,0,smart_art_1,18.3,2025-12-14T06:17:19.65291Z
,73.1,0,smart_art_1,18.3,2025-12-14T06:22:19.714432Z
,73.2,0,smart_art_1,18.3,2025-12-14T06:27:19.646429Z
,73.2,0,smart_art_1,18.2,2025-12-14T06:32:19.671669Z
,73.1,0,smart_art_1,18.2,2025-12-14T06:37:19.680332Z
,73.3,0,smart_art_1,18.2,2025-12-14T06:42:19.711371Z
,73.3,0,smart_art_1,18.2,2025-12-14T06:47:19.606746Z
,73.3,0,smart_art_1,18.2,2025-12-14T06:52:19.60337Z
,73.4,0,smart_art_1,18.2,2025-12-14T06:57:19.626339Z
,73.3,0,smart_art_1,18.1,2025-12-14T07:02:19.619969Z
,73.4,0,smart_art_1,18.1,2025-12-14T07:07:19.605383Z
,73.4,0,smart_art_1,18.1,2025-12-14T07:12:19.641157Z
,73.4,0,smart_art_1,18.1,2025-12-14T07:17:19.692652Z
,73.4,0,smart_art_1,18.1,2025-12-14T07:22:19.583642Z
,73.4,0,smart_art_1,18.1,2025-12-14T07:27:19.644054Z
,73.5,0,smart_art_1,18.1,2025-12-14T07:32:19.572727Z
,73.6,0,smart_art_1,18,2025-12-14T07:37:19.596085Z
,73.6,0,smart_art_1,18,2025-12-14T07:42:19.622595Z
,73.5,0,smart_art_1,18,2025-12-14T07:47:19.570424Z
,73.6,0,smart_art_1,18,2025-12-14T07:52:19.557696Z
,73.8,0,smart_art_1,18,2025-12-14T07:57:19.59311Z
,73.7,0,smart_art_1,18,2025-12-14T08:02:19.54011Z
,73.7,0,smart_art_1,18,2025-12-14T08:07:19.544295Z
,73.6,0,smart_art_1,17.9,2025-12-14T08:12:19.574347Z
,73.6,0,smart_art_1,17.9,2025-12-14T08:17:19.607746Z
,73.8,0,smart_art_1,17.9,2025-12-14T08:22:19.629999Z
,73.7,0,smart_art_1,17.9,2025-12-14T08:27:19.541217Z
,73.8,0,smart_art_1,17.9,2025-12-14T08:32:19.519232Z
,73.9,0,smart_art_1,17.9,2025-12-14T08:38:47.255227Z
,73.8,0,smart_art_1,17.9,2025-12-14T08:43:47.202671Z
,74,0,smart_art_1,17.9,2025-12-14T08:48:47.183556Z
,59.8,499,smart_art_1,16.3,2025-12-14T08:53:47.237375Z
,58.5,530,smart_art_1,15.2,2025-12-14T08:58:47.179952Z
,55.9,598,smart_art_1,15.3,2025-12-14T09:05:42.283987Z
,56.8,656,smart_art_1,15.7,2025-12-14T09:10:42.306869Z
,54.9,695,smart_art_1,15.7,2025-12-14T09:15:42.327925Z
,55.1,720,smart_art_1,15.8,2025-12-14T09:20:42.361935Z
,54.8,795,smart_art_1,15.8,2025-12-14T09:25:42.38676Z
,57.5,842,smart_art_1,17,2025-12-14T09:30:42.261981Z
,56.6,864,smart_art_1,18,2025-12-14T09:35:42.33348Z
,56.5,868,smart_art_1,18.5,2025-12-14T09:40:42.251049Z
,56.4,878,smart_art_1,18.9,2025-12-14T09:45:42.254286Z
,56.6,880,smart_art_1,19.1,2025-12-14T09:50:42.30848Z
,56.9,880,smart_art_1,19.2,2025-12-14T09:55:42.340353Z
,57.3,877,smart_art_1,19.4,2025-12-14T10:00:42.244205Z
,57.2,868,smart_art_1,19.6,2025-12-14T10:05:42.2542Z
,57.6,851,smart_art_1,19.7,2025-12-14T10:10:42.310629Z
,57.9,859,smart_art_1,19.7,2025-12-14T10:15:42.347124Z
,58.4,843,smart_art_1,19.7,2025-12-14T10:20:42.24473Z
,58.7,837,smart_art_1,19.7,2025-12-14T10:25:42.294025Z
,58.9,839,smart_art_1,19.8,2025-12-14T10:30:42.32104Z
,58.9,849,smart_art_1,19.9,2025-12-14T10:35:42.338165Z
,59.2,826,smart_art_1,20,2025-12-14T10:40:42.267532Z
,59.3,814,smart_art_1,20.1,2025-12-14T10:45:42.299059Z
,60.7,801,smart_art_1,19.7,2025-12-14T10:50:42.320863Z
,61.4,768,smart_art_1,19.4,2025-12-14T10:57:07.185217Z
,61.9,756,smart_art_1,19.2,2025-12-14T11:02:07.161736Z
,62.3,752,smart_art_1,19.1,2025-12-14T11:07:07.096381Z
,62.6,738,smart_art_1,19,2025-12-14T11:12:07.111123Z
,62.9,720,smart_art_1,18.9,2025-12-14T11:17:07.129676Z
,63.2,719,smart_art_1,18.8,2025-12-14T11:22:07.082984Z
,63.6,690,smart_art_1,18.7,2025-12-14T11:27:07.069411Z
,63.8,695,smart_art_1,18.6,2025-12-14T11:32:07.067224Z
,63.9,673,smart_art_1,18.5,2025-12-14T11:37:07.06905Z
,64.1,671,smart_art_1,18.4,2025-12-14T11:42:07.075788Z
,64.2,658,smart_art_1,18.5,2025-12-14T11:47:07.062703Z
,64.1,646,smart_art_1,18.6,2025-12-14T11:52:07.060624Z
,64.2,631,smart_art_1,18.6,2025-12-14T11:57:07.056291Z
,64.4,625,smart_art_1,18.5,2025-12-14T12:02:07.046535Z
,64.5,603,smart_art_1,18.5,2025-12-14T12:07:07.090775Z
,64.6,604,smart_art_1,18.5,2025-12-14T12:12:07.043818Z
,64.6,592,smart_art_1,18.6,2025-12-14T12:17:07.13453Z
,64.8,581,smart_art_1,18.5,2025-12-14T12:22:07.058933Z
,65.1,557,smart_art_1,18.3,2025-12-14T12:27:07.086087Z
,65.3,533,smart_art_1,18.3,2025-12-14T12:32:07.038425Z
,65.4,511,smart_art_1,18.2,2025-12-14T12:37:07.158469Z
,65.4,479,smart_art_1,18.2,2025-12-14T12:42:07.063637Z
,65.6,462,smart_art_1,18.2,2025-12-14T12:47:07.02749Z
,65.6,438,smart_art_1,18.1,2025-12-14T12:52:07.016969Z
,65.7,432,smart_art_1,18.1,2025-12-14T12:57:07.011188Z
,65.8,430,smart_art_1,18,2025-12-14T13:02:07.062205Z
,65.9,411,smart_art_1,18,2025-12-14T13:07:07.016529Z
,66,421,smart_art_1,18,2025-12-14T13:12:07.101983Z
,66,432,smart_art_1,17.9,2025-12-14T13:17:07.030767Z
,66.1,439,smart_art_1,17.9,2025-12-14T13:22:07.068922Z
,66.1,490,smart_art_1,17.9,2025-12-14T13:27:06.99125Z
,66.1,456,smart_art_1,17.9,2025-12-14T13:32:06.988153Z
,66.2,385,smart_art_1,17.9,2025-12-14T13:37:06.990395Z
,66.3,358,smart_art_1,17.8,2025-12-14T13:42:07.069624Z
,66.3,350,smart_art_1,17.8,2025-12-14T13:47:07.100365Z
,66.5,333,smart_art_1,17.8,2025-12-14T13:52:07.033164Z
,66.6,329,smart_art_1,17.8,2025-12-14T13:57:07.050505Z
,66.6,317,smart_art_1,17.9,2025-12-14T14:02:07.079568Z
,66.9,304,smart_art_1,17.8,2025-12-14T14:07:06.961651Z
,67,289,smart_art_1,17.9,2025-12-14T14:12:06.960211Z
,67,272,smart_art_1,17.9,2025-12-14T14:17:07.082042Z
,67.1,258,smart_art_1,17.9,2025-12-14T14:22:06.968936Z
,67.3,240,smart_art_1,17.9,2025-12-14T14:27:06.948043Z
,67.4,224,smart_art_1,17.9,2025-12-14T14:32:07.029381Z
,67.4,208,smart_art_1,17.9,2025-12-14T14:37:06.938058Z
,67.5,177,smart_art_1,17.9,2025-12-14T14:42:06.955386Z
,67.6,152,smart_art_1,17.8,2025-12-14T14:48:23.80543Z
,67.6,130,smart_art_1,17.8,2025-12-14T14:53:23.831589Z
,67.6,115,smart_art_1,17.8,2025-12-14T14:58:23.745915Z
,66.8,79,smart_art_1,18.3,2025-12-14T15:03:23.752832Z
,64.1,53,smart_art_1,19.3,2025-12-14T15:08:23.715904Z
,62.3,21,smart_art_1,20.1,2025-12-14T15:13:23.732899Z
,61.4,0,smart_art_1,20.6,2025-12-14T15:18:23.727483Z
,61.4,0,smart_art_1,20.7,2025-12-14T15:23:23.787756Z
,61,0,smart_art_1,21,2025-12-14T15:28:23.695849Z
,60.8,0,smart_art_1,21.2,2025-12-14T15:33:23.736927Z
,60.2,0,smart_art_1,21.5,2025-12-14T15:38:23.693424Z
,60.1,0,smart_art_1,21.7,2025-12-14T15:43:23.696666Z
,60.2,208,smart_art_1,21.8,2025-12-14T15:48:23.666018Z
,59.8,76,smart_art_1,22.1,2025-12-14T15:53:23.738013Z
,60.1,128,smart_art_1,22,2025-12-14T15:58:23.780065Z
,62.4,93,smart_art_1,21.1,2025-12-14T16:03:23.705832Z
,63.8,87,smart_art_1,20.6,2025-12-14T16:08:23.628297Z
,64.6,107,smart_art_1,20.3,2025-12-14T16:13:23.747099Z
,65.2,101,smart_art_1,20.1,2025-12-14T16:18:23.672411Z
,65.7,108,smart_art_1,20,2025-12-14T16:23:23.701095Z
,66,80,smart_art_1,19.9,2025-12-14T16:28:23.645336Z
,66.3,105,smart_art_1,19.8,2025-12-14T16:33:23.652898Z
,66.5,110,smart_art_1,19.7,2025-12-14T16:38:23.60532Z
,66.6,84,smart_art_1,19.6,2025-12-14T16:43:23.698544Z
,66.8,93,smart_art_1,19.5,2025-12-14T16:48:23.618876Z
,67.1,112,smart_art_1,19.4,2025-12-14T16:53:23.641519Z
,67.1,99,smart_art_1,19.4,2025-12-14T16:58:23.669022Z
,67.2,102,smart_art_1,19.4,2025-12-14T17:03:23.693934Z
,67.4,75,smart_art_1,19.3,2025-12-14T17:08:23.617781Z
,67.4,109,smart_art_1,19.3,2025-12-14T17:13:23.641886Z
,67.7,108,smart_art_1,19.2,2025-12-14T17:18:23.569519Z
,67.5,97,smart_art_1,19.4,2025-12-14T17:23:23.581243Z
,66.3,100,smart_art_1,19.8,2025-12-14T17:28:23.622362Z
,65.7,77,smart_art_1,20.1,2025-12-14T17:33:23.645292Z
,65.2,109,smart_art_1,20.3,2025-12-14T17:38:23.675274Z
,65.2,74,smart_art_1,20.3,2025-12-14T17:43:23.552553Z
,65.3,93,smart_art_1,20.4,2025-12-14T17:48:23.579271Z
,65.2,74,smart_art_1,20.4,2025-12-14T17:53:23.647806Z
,65.2,85,smart_art_1,20.6,2025-12-14T17:58:23.543007Z
,64.9,80,smart_art_1,20.7,2025-12-14T18:03:23.59433Z
,64.8,80,smart_art_1,20.8,2025-12-14T18:08:23.537311Z
,64.9,90,smart_art_1,20.8,2025-12-14T18:13:23.527792Z
,65.9,112,smart_art_1,20.4,2025-12-14T18:18:23.516605Z
,66.8,97,smart_art_1,20.1,2025-12-14T18:23:23.516573Z
,67.2,99,smart_art_1,20,2025-12-14T18:28:23.506628Z
,67.6,76,smart_art_1,19.8,2025-12-14T18:33:23.546865Z
,67.9,97,smart_art_1,19.8,2025-12-14T18:38:23.500467Z
,68.1,108,smart_art_1,19.7,2025-12-14T18:43:23.602152Z
,68.3,106,smart_art_1,19.7,2025-12-14T18:48:23.493533Z
,67.4,112,smart_art_1,20,2025-12-14T18:53:23.549942Z
,64.7,100,smart_art_1,21.1,2025-12-14T18:58:23.481068Z
,63.4,112,smart_art_1,21.6,2025-12-14T19:03:23.479282Z
,62.5,127,smart_art_1,22.1,2025-12-14T19:08:23.521867Z
,62,127,smart_art_1,22.3,2025-12-14T19:13:23.459749Z
,61.9,113,smart_art_1,22.4,2025-12-14T19:18:23.441524Z
,61.2,66,smart_art_1,22.8,2025-12-14T19:23:23.5026Z
,61.3,96,smart_art_1,22.8,2025-12-14T19:28:23.52632Z
,63.1,80,smart_art_1,22.1,2025-12-14T19:33:23.450808Z
,64.9,94,smart_art_1,21.4,2025-12-14T19:38:23.480711Z
,65.8,80,smart_art_1,21.1,2025-12-14T19:43:23.482708Z
,66.6,70,smart_art_1,20.8,2025-12-14T19:48:23.428699Z
,67,71,smart_art_1,20.7,2025-12-14T19:53:23.456955Z
,67.3,91,smart_art_1,20.6,2025-12-14T19:58:23.483405Z
,67.6,92,smart_art_1,20.4,2025-12-14T20:03:23.511343Z
,68,80,smart_art_1,20.4,2025-12-14T20:08:23.390655Z
,68.1,89,smart_art_1,20.3,2025-12-14T20:13:23.39989Z
,68.3,89,smart_art_1,20.2,2025-12-14T20:18:23.395088Z
,68.2,139,smart_art_1,20,2025-12-14T20:23:23.405838Z
,66.8,151,smart_art_1,19.6,2025-12-14T20:28:23.382067Z
,65.9,155,smart_art_1,19.5,2025-12-14T20:33:23.372777Z
,54.8,144,smart_art_1,17.6,2025-12-14T20:38:23.492935Z
,56,155,smart_art_1,16,2025-12-14T20:43:23.36516Z
,54.2,150,smart_art_1,15.8,2025-12-14T20:48:23.364718Z
,54.6,153,smart_art_1,15.6,2025-12-14T20:53:23.464882Z
,52.8,121,smart_art_1,15.7,2025-12-14T20:58:23.398799Z
,55.1,126,smart_art_1,15.2,2025-12-14T21:03:23.410455Z
,57.2,142,smart_art_1,16.8,2025-12-14T21:08:23.350446Z
,54.8,153,smart_art_1,17.6,2025-12-14T21:13:23.460595Z
,55,142,smart_art_1,18.1,2025-12-14T21:18:23.388515Z
,55.3,144,smart_art_1,18.3,2025-12-14T21:23:23.36025Z
,55.7,151,smart_art_1,18.4,2025-12-14T21:28:23.43775Z
,56.2,146,smart_art_1,18.5,2025-12-14T21:33:23.327628Z
,56.7,142,smart_art_1,18.6,2025-12-14T21:38:23.391746Z
,57.1,159,smart_art_1,18.7,2025-12-14T21:43:23.421339Z
,57.4,159,smart_art_1,18.8,2025-12-14T21:48:23.321495Z
,57.8,110,smart_art_1,18.8,2025-12-14T21:53:23.365089Z
,58.3,131,smart_art_1,18.8,2025-12-14T21:58:23.39738Z
,58.6,131,smart_art_1,18.8,2025-12-14T22:03:23.423317Z
,58.8,151,smart_art_1,18.9,2025-12-14T22:08:23.305179Z
,70.3,0,smart_art_1,19.5,2025-12-13T00:02:58.887024Z
,70.4,0,smart_art_1,19.5,2025-12-13T00:07:58.881463Z
,70.5,0,smart_art_1,19.5,2025-12-13T00:12:58.879853Z
,70.7,0,smart_art_1,19.5,2025-12-13T00:17:58.875448Z
,70.7,0,smart_art_1,19.4,2025-12-13T00:22:58.863108Z
,70.9,0,smart_art_1,19.4,2025-12-13T00:28:21.472759Z
,70.9,0,smart_art_1,19.4,2025-12-13T00:33:21.466584Z
,71.1,0,smart_art_1,19.3,2025-12-13T00:38:21.459193Z
,71.2,0,smart_art_1,19.3,2025-12-13T00:43:21.450918Z
,71.4,0,smart_art_1,19.3,2025-12-13T00:48:21.449597Z
,71.5,0,smart_art_1,19.2,2025-12-13T00:53:21.441474Z
,71.6,0,smart_art_1,19.2,2025-12-13T00:58:21.435981Z
,71.8,0,smart_art_1,19.2,2025-12-13T01:03:21.436425Z
,71.8,0,smart_art_1,19.2,2025-12-13T01:08:21.426011Z
,72,0,smart_art_1,19.1,2025-12-13T01:13:21.423748Z
,72,0,smart_art_1,19.2,2025-12-13T01:18:21.41634Z
,72.2,0,smart_art_1,19.1,2025-12-13T01:23:21.405378Z
,72.1,0,smart_art_1,19.1,2025-12-13T01:28:28.299391Z
,72.3,0,smart_art_1,19.1,2025-12-13T01:33:28.299682Z
,72.3,0,smart_art_1,19.1,2025-12-13T01:38:28.29298Z
,72.5,0,smart_art_1,19.1,2025-12-13T01:43:28.282308Z
,72.5,0,smart_art_1,19,2025-12-13T01:48:28.275458Z
,72.7,0,smart_art_1,19,2025-12-13T01:53:28.26924Z
,72.7,0,smart_art_1,19,2025-12-13T01:58:28.262831Z
,72.9,0,smart_art_1,19,2025-12-13T02:03:28.251857Z
,72.8,0,smart_art_1,19,2025-12-13T02:08:28.251631Z
,72.9,0,smart_art_1,19,2025-12-13T02:13:49.453429Z
,73,0,smart_art_1,18.9,2025-12-13T02:18:49.450966Z
,73,0,smart_art_1,18.9,2025-12-13T02:23:49.44246Z
,73.1,0,smart_art_1,18.9,2025-12-13T02:28:57.022349Z
,73.2,0,smart_art_1,18.9,2025-12-13T02:33:56.999454Z
,73.3,0,smart_art_1,18.9,2025-12-13T02:38:56.977655Z
,63.3,717,smart_art_1,18.5,2025-12-13T11:03:28.486141Z
,61.2,790,smart_art_1,19.5,2025-12-13T11:08:28.401095Z
,60.4,784,smart_art_1,20,2025-12-13T11:13:28.474616Z
,60.5,772,smart_art_1,20.3,2025-12-13T11:18:28.45944Z
,61.3,752,smart_art_1,20,2025-12-13T11:23:28.430041Z
,62.9,751,smart_art_1,19.4,2025-12-13T11:28:28.383057Z
,64,739,smart_art_1,19,2025-12-13T11:33:28.386575Z
,64.7,747,smart_art_1,18.7,2025-12-13T11:38:28.383811Z
,65.3,227,smart_art_1,18.7,2025-12-13T11:43:28.376898Z
,65.5,645,smart_art_1,18.6,2025-12-13T11:48:28.3833Z
,66.2,643,smart_art_1,18.5,2025-12-13T11:53:28.367915Z
,66.3,641,smart_art_1,18.5,2025-12-13T11:58:28.376545Z
,66.4,650,smart_art_1,18.5,2025-12-13T12:03:28.37188Z
,66.8,619,smart_art_1,18.4,2025-12-13T12:08:28.365442Z
,66.9,624,smart_art_1,18.4,2025-12-13T12:13:28.35595Z
,67.2,545,smart_art_1,18.4,2025-12-13T12:18:28.338717Z
,67.3,541,smart_art_1,18.4,2025-12-13T12:23:28.328629Z
,67.3,528,smart_art_1,18.4,2025-12-13T12:28:28.341322Z
,67.5,511,smart_art_1,18.3,2025-12-13T12:33:28.320416Z
,67.5,494,smart_art_1,18.2,2025-12-13T12:38:28.404827Z
,67.7,468,smart_art_1,18.1,2025-12-13T12:43:28.333659Z
,67.8,454,smart_art_1,18.1,2025-12-13T12:48:28.360256Z
,67.8,448,smart_art_1,18,2025-12-13T12:53:28.301786Z
,69,426,smart_art_1,18.1,2025-12-13T12:58:28.294532Z
,69.3,411,smart_art_1,18,2025-12-13T13:03:28.345464Z
,68.9,403,smart_art_1,18,2025-12-13T13:08:28.271981Z
,68.9,410,smart_art_1,17.9,2025-12-13T13:13:28.399141Z
,68.9,423,smart_art_1,17.9,2025-12-13T13:18:28.318288Z
,68.9,437,smart_art_1,17.9,2025-12-13T13:23:28.349109Z
,68.9,424,smart_art_1,17.9,2025-12-13T13:28:28.261635Z
,68.9,392,smart_art_1,17.9,2025-12-13T13:33:28.244363Z
,69.3,358,smart_art_1,17.9,2025-12-13T13:38:28.243903Z
,69.4,336,smart_art_1,17.9,2025-12-13T13:43:28.356113Z
,69.5,323,smart_art_1,17.9,2025-12-13T13:48:28.278332Z
,69,315,smart_art_1,18.3,2025-12-13T13:53:28.303511Z
,67.8,305,smart_art_1,18.8,2025-12-13T13:58:28.318263Z
,67.4,300,smart_art_1,19,2025-12-13T14:03:28.248029Z
,67,283,smart_art_1,19.2,2025-12-13T14:08:28.210001Z
,66.9,277,smart_art_1,19.3,2025-12-13T14:13:28.297623Z
,66.6,259,smart_art_1,19.5,2025-12-13T14:18:28.196986Z
,66.9,242,smart_art_1,19.5,2025-12-13T14:23:28.259656Z
,66.9,239,smart_art_1,19.6,2025-12-13T14:28:28.187134Z
,66.8,215,smart_art_1,19.6,2025-12-13T14:33:28.201839Z
,66.8,198,smart_art_1,19.7,2025-12-13T14:38:28.239065Z
,66.8,175,smart_art_1,19.7,2025-12-13T14:43:28.259806Z
,66.8,160,smart_art_1,19.8,2025-12-13T14:48:28.168457Z
,66.6,128,smart_art_1,19.9,2025-12-13T14:53:28.213263Z
,66.1,102,smart_art_1,20.1,2025-12-13T14:58:28.147664Z
,66.5,80,smart_art_1,20,2025-12-13T15:03:28.156543Z
,66.4,58,smart_art_1,20.1,2025-12-13T15:08:28.195305Z
,66.2,18,smart_art_1,20.2,2025-12-13T15:13:28.217651Z
,66.4,0,smart_art_1,20.2,2025-12-13T15:18:28.13416Z
,66.3,0,smart_art_1,20.3,2025-12-13T15:23:28.143579Z
,66.3,0,smart_art_1,20.4,2025-12-13T15:28:28.124229Z
,66.3,0,smart_art_1,20.4,2025-12-13T15:33:28.212238Z
,66.5,0,smart_art_1,20.4,2025-12-13T15:38:28.148684Z
,66.4,0,smart_art_1,20.5,2025-12-13T15:43:28.170297Z
,66.5,240,smart_art_1,20.5,2025-12-13T15:48:28.200502Z
,66.5,126,smart_art_1,20.6,2025-12-13T15:53:28.11356Z
,66.5,175,smart_art_1,20.7,2025-12-13T15:58:28.149211Z
,66.1,169,smart_art_1,20.8,2025-12-13T16:03:28.178377Z
,65.9,144,smart_art_1,21,2025-12-13T16:08:28.087983Z
,66.1,144,smart_art_1,20.9,2025-12-13T16:13:28.077042Z
,67.4,240,smart_art_1,20.4,2025-12-13T16:18:28.150535Z
,69.1,267,smart_art_1,20,2025-12-13T16:23:28.074712Z
,69.7,269,smart_art_1,19.8,2025-12-13T16:28:28.113785Z
,69.5,225,smart_art_1,19.9,2025-12-13T16:33:29.159891Z
,69.3,269,smart_art_1,20.1,2025-12-13T16:38:28.161903Z
,69.1,250,smart_art_1,20.2,2025-12-13T16:43:28.043924Z
,68.9,256,smart_art_1,20.2,2025-12-13T16:48:28.111848Z
,68.7,256,smart_art_1,20.3,2025-12-13T16:53:28.039515Z
,68.5,250,smart_art_1,20.4,2025-12-13T16:58:28.030946Z
,68.6,213,smart_art_1,20.4,2025-12-13T17:03:28.096753Z
,68.7,245,smart_art_1,20.4,2025-12-13T17:08:28.112799Z
,68.7,264,smart_art_1,20.4,2025-12-13T17:13:28.143147Z
,68.8,241,smart_art_1,20.4,2025-12-13T17:18:28.075342Z
,68.8,240,smart_art_1,20.4,2025-12-13T17:23:28.089864Z
,68.9,259,smart_art_1,20.4,2025-12-13T17:28:28.025353Z
,69,263,smart_art_1,20.5,2025-12-13T17:33:28.055015Z
,69,241,smart_art_1,20.5,2025-12-13T17:38:28.068195Z
,69.1,238,smart_art_1,20.5,2025-12-13T17:43:28.01855Z
,69.1,247,smart_art_1,20.5,2025-12-13T17:48:28.114961Z
,69.2,254,smart_art_1,20.5,2025-12-13T17:53:28.036685Z
,69.1,257,smart_art_1,20.6,2025-12-13T17:58:28.056534Z
,69.3,253,smart_art_1,20.5,2025-12-13T18:03:27.976847Z
,69.3,247,smart_art_1,20.5,2025-12-13T18:08:27.980454Z
,69.3,251,smart_art_1,20.6,2025-12-13T18:13:28.045857Z
,69.2,257,smart_art_1,20.7,2025-12-13T18:18:28.061631Z
,69.3,265,smart_art_1,20.6,2025-12-13T18:23:27.990158Z
,69.5,243,smart_art_1,20.6,2025-12-13T18:28:28.022987Z
,69.3,252,smart_art_1,20.7,2025-12-13T18:33:27.95545Z
,69.3,240,smart_art_1,20.7,2025-12-13T18:38:27.966609Z
,69.3,246,smart_art_1,20.7,2025-12-13T18:43:27.996768Z
,69.4,251,smart_art_1,20.7,2025-12-13T18:48:28.025108Z
,69.4,219,smart_art_1,20.7,2025-12-13T18:53:28.040907Z
,69.7,119,smart_art_1,20.6,2025-12-13T18:58:27.937205Z
,70.4,128,smart_art_1,20.3,2025-12-13T19:03:28.001121Z
,70.6,114,smart_art_1,20.3,2025-12-13T19:08:28.016956Z
,70.7,135,smart_art_1,20.2,2025-12-13T19:13:27.945041Z
,63.3,133,smart_art_1,19.2,2025-12-13T19:23:29.657595Z
,58.6,119,smart_art_1,18.1,2025-12-13T19:28:29.590769Z
,57.6,143,smart_art_1,17.4,2025-12-13T19:33:29.599939Z
,56.6,103,smart_art_1,17,2025-12-13T19:38:29.586692Z
,54.3,107,smart_art_1,17,2025-12-13T19:43:29.668521Z
,54,109,smart_art_1,16.9,2025-12-13T19:48:29.686521Z
,58.7,241,smart_art_1,18.2,2025-12-13T19:53:29.573534Z
,57.2,256,smart_art_1,19.1,2025-12-13T19:58:29.621576Z
,57.2,240,smart_art_1,19.4,2025-12-13T20:03:29.644439Z
,57.3,222,smart_art_1,19.6,2025-12-13T20:08:29.671688Z
,57.8,240,smart_art_1,19.8,2025-12-13T20:13:29.604876Z
,58.2,268,smart_art_1,19.9,2025-12-13T20:18:29.569578Z
,58.6,256,smart_art_1,20,2025-12-13T20:23:29.654249Z
,58.9,226,smart_art_1,20.1,2025-12-13T20:28:29.698778Z
,59.4,257,smart_art_1,20.1,2025-12-13T20:33:29.558085Z
,59.8,240,smart_art_1,20.1,2025-12-13T20:38:29.629427Z
,60.2,256,smart_art_1,20.1,2025-12-13T20:43:29.655993Z
,60.6,261,smart_art_1,20.1,2025-12-13T20:48:29.577211Z
,61.1,271,smart_art_1,20.1,2025-12-13T20:53:29.620981Z
,61.3,258,smart_art_1,20.1,2025-12-13T20:58:29.628206Z
,61.7,254,smart_art_1,20.1,2025-12-13T21:03:29.533949Z
,62.1,239,smart_art_1,20,2025-12-13T21:08:29.535003Z
,62.4,251,smart_art_1,20,2025-12-13T21:13:29.603271Z
,63,263,smart_art_1,19.9,2025-12-13T21:18:29.519226Z
,63.1,282,smart_art_1,20,2025-12-13T21:23:29.858314Z
,63.5,271,smart_art_1,19.9,2025-12-13T21:28:29.512054Z
,63.7,272,smart_art_1,19.9,2025-12-13T21:33:29.503559Z
,64,269,smart_art_1,19.9,2025-12-13T21:38:29.493356Z
,64.3,258,smart_art_1,19.8,2025-12-13T21:43:29.549766Z
,64.5,265,smart_art_1,19.8,2025-12-13T21:48:29.575755Z
,64.8,272,smart_art_1,19.8,2025-12-13T21:53:29.502892Z
,65.1,243,smart_art_1,19.8,2025-12-13T21:58:29.532671Z
,65.3,257,smart_art_1,19.8,2025-12-13T22:03:29.652421Z
,65.2,0,smart_art_1,19.8,2025-12-13T22:08:29.573376Z
,66,0,smart_art_1,19.6,2025-12-13T22:13:29.504113Z
,66,0,smart_art_1,19.6,2025-12-13T22:18:29.454902Z
,66,0,smart_art_1,19.6,2025-12-13T22:23:29.450365Z
,66.2,0,smart_art_1,19.6,2025-12-13T22:28:29.472228Z
,66.3,0,smart_art_1,19.6,2025-12-13T22:33:29.498973Z
,66.5,0,smart_art_1,19.6,2025-12-13T22:38:29.526639Z
,66.6,0,smart_art_1,19.5,2025-12-13T22:43:29.453946Z
,66.8,0,smart_art_1,19.5,2025-12-13T22:48:29.48093Z
,67.1,0,smart_art_1,19.5,2025-12-13T22:53:29.394979Z
,67.1,0,smart_art_1,19.5,2025-12-13T22:58:29.422017Z
,67.4,0,smart_art_1,19.5,2025-12-13T23:03:29.457032Z
,67.4,0,smart_art_1,19.5,2025-12-13T23:08:29.472814Z
,67.6,0,smart_art_1,19.5,2025-12-13T23:13:29.408029Z
,67.7,0,smart_art_1,19.4,2025-12-13T23:18:29.355512Z
,67.9,0,smart_art_1,19.4,2025-12-13T23:23:29.463383Z
,68,0,smart_art_1,19.4,2025-12-13T23:28:29.394396Z
,68.1,0,smart_art_1,19.3,2025-12-13T23:33:52.423339Z
,68.2,0,smart_art_1,19.3,2025-12-13T23:38:52.480764Z
,68.3,0,smart_art_1,19.3,2025-12-13T23:43:52.49511Z
,68.4,0,smart_art_1,19.3,2025-12-13T23:49:03.576751Z
,68.5,0,smart_art_1,19.3,2025-12-13T23:54:03.480393Z
,68.7,0,smart_art_1,19.2,2025-12-13T23:59:03.53129Z
,57.3,241,smart_art_1,18.3,2025-12-14T22:28:23.345465Z
,58.8,262,smart_art_1,18.4,2025-12-14T22:33:23.291142Z
,59.2,130,smart_art_1,18.9,2025-12-14T22:13:23.30512Z
,55.8,275,smart_art_1,18.7,2025-12-14T22:18:23.298154Z
,57.1,267,smart_art_1,18.3,2025-12-14T22:23:23.420944Z
